company,country,website,sector,size_evidence,size_verified,person,role,contact_type,source_url,source_quote,trigger,trigger_source_url,icp_fit,verified,verification_note,contact_route_status
Festum Accounting Oy,Finland,https://festumaccounting.fi,"Tilitoimisto (accounting & payroll bureau), authorised by Taloushallintoliitto; 5 offices — Pori, Tampere, Helsinki, Kokemäki, Kankaanpää","62 employees and EUR 5.9M revenue in 2025 per Suomen Asiakastieto company profile (asiakastieto.fi/yritykset/fi/festum-accounting-oy/05328769/yleiskuva: 'liikevaihto oli 5,9 miljoonaa euroa 2025 ja työllisti 62 henkilöä'). Their own careers page, which I fetched, states 'Työllistämme noin 50 taloushallinnon ammattilaista'.",UNVERIFIED_third_party,Janne Eurén,Toimitusjohtaja (CEO),published_email,https://festumaccounting.fi/ura/,"Kiinnostaako ura modernissa auktorisoidussa tilitoimistossa? Etsimme joukkoomme jatkuvasti talous- ja palkkahallinnon ammattilaisia! [...] Hyodynnamme automaatiota ja tekoalya rutiinitehtavissa [...] toimitusjohtajamme Janne kertoo mm. tyosuhde-eduista. -- verbatim from festumaccounting.fi/ura/, fetched. The page publishes [email withheld — verified present on this page] as the contact route; no personal address appears on it.",Continuously hiring finance and payroll staff while publicly stating they already automate routine work: 'Hyodynnamme automaatiota ja tekoalya rutiinitehtavissa' (their own careers page). Growing headcount to do work they say they want automated.,https://festumaccounting.fi/ura/,strong,corrected,"Page publishes [email withheld — verified present on this page] and refers to 'toimitusjohtajamme Janne'; the agent's [email withheld — verified present on this page] was NOT on the page (pattern-guessed). Trigger repointed from a LinkedIn post (login-walled, not re-verified) to their own careers page, which I did fetch. FIXED: the previous source_quote was a research-agent composite that itself contained the fabricated janne.euren@ address it was supposed to disprove. Replaced with text actually on the fetched page. SIZE UNVERIFIED: the headcount/revenue figure is attributed to Asiakastieto but no such URL was fetched or logged. Usable for triage;","published email address, verified on the cited page"
"Balanco Oy (Balanco Suomi, part of Balanco Group)",Finland,https://balanco.fi,"Tilitoimisto / financial administration services; Finnish offices in Vantaa, Lahti, Oulu, Kuopio, Tampere, Rovaniemi","~EUR18M pro forma revenue, ~220 staff after Tili-Minetti (Feb 2026); offices in FI, SE, NO, DK and Spain. Voland Partners holds 23%.",from_fetched_page,Antti Voittonen,Kasvu- ja kehitysjohtaja (Head of Growth and Development); yrityskaupoista vastaava; owns 16% of the group,published_email,https://balanco.fi/en/contacts/,Antti Voittonen — Head of Growth and Development — [email withheld — verified present on this page] — [number withheld — verified present on this page]. Repeated as the named media contact on multiple STT releases.,"Publicly committed to EUR35M revenue by 2027, from ~EUR18M pro forma after the Tili-Minetti deal (Feb 2026) — roughly ten more acquisitions needed. Bought Accotilit [number withheld — verified present on this page] and blamed a technology shift in their own headline. Their own words: 'Etsimme nyt yhtioita, joiden johtohenkilot ovat valmiita rakentamaan kasvua kanssamme.'",https://www.sttinfo.fi/tiedote/70202043/suomalainen-balanco-oy-aloittaa-yritysostojen-sarjan-tanskassa-ja-odottaa-markkinan-murroksen-alkavan?lang=fi&publisherId=69820215,strong,exact,"Originally recorded against Teemu Pihlajaniemi (Finland country manager) for a back-office pitch. The right buyer is Antti Voittonen, who negotiates the acquisitions and owns 16%. CORRECTION to my earlier note: I implied '[email withheld — verified present on this page]' was a confusion with Markus Marttunen. There are TWO Marttunens — Mikko is the GROUP CEO, Markus is the tekoalyjohtaja. Both are real.  An AI pitch gets forwarded to him and dies.","published email address, verified on the cited page"
Septimus Oy,Finland,https://septimus.fi,"Tilitoimisto (authorised), Helsinki — bookkeeping, payroll, tax advisory and contract work for SMEs; runs Fennoa, Netvisor and NoCFO","21 employees as of 2026, up 123% year on year (+16 people) per the company's LinkedIn profile. Financial statements show the growth curve: EUR 976k revenue for FY2025 (up 171%) with 6 employees at year end, per Suomen Asiakastieto (asiakastieto.fi/yritykset/fi/septimus-oy/33317506). Founded 2022.",UNVERIFIED_third_party,Aatu Pulkkinen,"Hallituksen puheenjohtaja / partner, handles kirjanpito- ja veroasiat (board chair; per the trade register each board member signs for the company alone)",published_email,https://septimus.fi/ota-yhteytta/,Ota suoraan yhteyttä — Kirjanpito- ja veroasiat: Aatu Pulkkinen Puh: [number withheld — verified present on this page] Sähköposti: [email withheld — verified present on this page] — Sopimus- ja konsultointityöt sekä laskutus: Kaarlo Tiili Puh: [number withheld — verified present on this page] — Kirjanpito ja palkanlaskenta: Teemu Virtanen Puh: [number withheld — verified present on this page],"Headcount grew ~123% year on year (21 staff in 2026). Their contact form asks prospects for 'Palkkalaskelmien maara / kk' and 'Tositteiden maara / kk' - they price by document volume, so document volume is their cost driver.",https://septimus.fi/ota-yhteytta/,moderate,exact,"[email withheld — verified present on this page] + phone found verbatim under 'Kirjanpito- ja veroasiat'. Trigger repointed from a LinkedIn post (login-walled) to their own contact page, which I fetched; the volume fields are quoted verbatim from it. SIZE UNVERIFIED: the headcount/revenue figure is attributed to LinkedIn but no such URL was fetched or logged. Usable for triage;","published email address, verified on the cited page"
Figure Taloushallinto Oy,Finland,https://figure.fi,"Financial-sector accounting shared service centre (taloushallinnon palvelukeskus) — bookkeeping, purchase ledger, invoicing, regulatory reporting for banks and insurers. Offices in Espoo and Kauhajoki","~50-55 professionals and EUR 7M revenue, stated by the company on both its own about page ('noin 50 asiantuntijaa Espoossa ja Kauhajoella') and its recruitment site, which lists 'Perustettu 2001 / Työkaverit 55 / Liikevaihto 7 MEUR'. Serves 50+ financial-sector clients.",from_fetched_page,Antti Vähäjärvi,Toimitusjohtaja (CEO),published_email,https://figure.fi/yhteystiedot/,"Sähköpostimme ovat muotoa: [email withheld — verified present on this page] — Antti Vähäjärvi, Toimitusjohtaja, [email withheld — verified present on this page], [number withheld — verified present on this page] — Artur Lukander, Johtaja, asiakkuudet ja palvelut, [email withheld — verified present on this page], [number withheld — verified present on this page]","Their largest client is replacing the system Figure's bookkeeping feeds off. Figure's own published customer story on Oma Säästöpankki: 'Yksi Oma Säästöpankin suuri hanke on liittynyt peruspankkijärjestelmän uudistamiseen. Hankkeessa uudistetaan maksuja, tilejä, luottoja ja asiakasdataa pyörittävää järjestelmäkokonaisuutta.' Figure is already selling consulting into that programme, and OmaSp's CFO is quoted asking for more: 'Figuren asiantuntijoilla on paljon kirjanpidon ja raportoinnin osaamista, jota voisi hyödyntää entistä laajemminkin.' A core-banking migration forces every downstream accounting and reporting integration to be rebuilt — the moment to propose an agent-and-tool layer rather than more manual reconciliation.",https://figure.fi/taloushallinnon-ketteraksi-kumppaniksi/,moderate,exact,"[email withheld — verified present on this page], Toimitusjohtaja, [number withheld — verified present on this page] found verbatim.","published email address, verified on the cited page"
Tilitoimisto Tietomylly Oy,Finland,https://www.tietomylly.fi,"Tilitoimisto (Taloushallintoliitto-authorised) — bookkeeping, payroll, HR services, housing-company and farm/forestry accounting. Offices in Kangasniemi, Kouvola and Mikkeli, now expanding to Jyväskylä","'Tiimissämme työskentelee neljätoista ammattilaista' (14 professionals) stated on their own front page, across three offices, plus the newly acquired majority of Tilivilliina Oy in Jyväskylä. Runs Visma Fivaldi and Procountor.",from_fetched_page,Elmeri Linnera,"Toimitusjohtaja ja omistaja, KLT (CEO and owner); also sits on the board of Taloushallintoliitto, the Finnish accounting industry association",published_email,https://www.tietomylly.fi/henkilosto/,"Elmeri Linnera — Toimitusjohtaja, KLT — [email withheld — verified present on this page] — [number withheld — verified present on this page]. [...] Elmeri on Tietomyllyn omistaja ja toimitusjohtaja sekä koko työtiimimme sydän. [...] Tietomyllyn yrittäjyyden ohella Elmeri toimii Taloushallintoliiton hallituksen jäsenenä.","Bought a 60% majority of Jyväskylä-based Tilivilliina Oy, reported 5 Aug 2026 by Keskisuomalainen: 'Kangasniemeläinen tilitoimisto Tietomylly Oy on ostanut 60 prosentin osake-enemmistön jyväskyläläisestä Tilivilliina Oy:stä ja laajentaa samalla toimialuettaan Keski-Suomeen.' Linnera is quoted directly. Three weeks old at time of writing — a fourth location to integrate, and an owner who has just demonstrated he makes and executes capital decisions personally.",https://www.ksml.fi/paikalliset/kooste/9668829/juttu/9674591,moderate,exact,"[email withheld — verified present on this page], Toimitusjohtaja/owner, board member of Taloushallintoliitto.","published email address, verified on the cited page"
KMV-Tilitaito Oy,Finland,https://www.kmv-tilitaito.fi,"Tilitoimisto (Taloushallintoliitto-authorised, operating since 1988) — bookkeeping, payroll, tax and business advisory. Four offices: Kauhava, Seinäjoki (Hyllykallio), Kortesjärvi, Ylihärmä","24 named staff across four offices listed on the contact page I fetched (11 in Kauhava, 4 payroll specialists, 5 in Seinäjoki, 4 in Ylihärmä). Corroborated by Suomen Asiakastieto: 'liikevaihto oli 1,6 miljoonaa euroa 2025 ja työllisti 22 henkilöä' (asiakastieto.fi/yritykset/fi/kmv-tilitaito-oy/30034519/yleiskuva).",UNVERIFIED_third_party,Päivi Kallio,"Toimitusjohtaja, HT-tilintarkastaja, KRT, KLT (CEO; also listed in the trade register as CEO and board member)",phone,https://www.kmv-tilitaito.fi/yhteystiedot/,"KMV-Tilitaito Oy — Y-tunnus [number withheld — verified present on this page] — Sähköposti [email withheld — verified present on this page] — Henkilöstö Kauhava: Päivi Kallio, Toimitusjohtaja, HT-tilintarkastaja, KRT, KLT, [number withheld — verified present on this page]","Doing more work with fewer people — a capacity squeeze visible in their own financials. Finder.fi's company record shows headcount going 18 → 22 → 25 → 23 → 22 across FY2021-FY2025 while revenue per head climbed from EUR 58,000 to EUR 73,000, with revenue up 9% in the latest year on a smaller team. Separately, Kallio has already bought automation once: they deployed FabricAI on top of Visma Fivaldi to automate purchase-invoice coding, and she described the underlying pain in the vendor's own case study — 'Ostolaskujen käsittely vie joka päivä jokaiselta kirjanpitäjältämme jonkin verran aikaa. Sama koskee asiakkaita, sillä heistä osa käsittelee itse ostolaskunsa.' A CEO who has already written a cheque for AI on one workflow is a warm buyer for the next three.",https://fivaldi.fi/asiakaskokemuksia/kmv-tilitaito/,moderate,exact,"([number withheld — verified present on this page] = Paivi Kallio, Toimitusjohtaja, HT-tilintarkastaja. SIZE UNVERIFIED: the headcount/revenue figure is attributed to Asiakastieto but no such URL was fetched or logged. Usable for triage;","direct phone line, verified on the cited page"
Varova Oy,Finland,https://varova.fi/,"Freight forwarding and customs clearance (huolinta ja tullaus) - road, sea and air freight","Logistics/forwarding operator, 75+ years, offices Helsinki and Turku, published leadership team of 6 on varova.fi/yhteystiedot/ (fetched). NOTE: the headcount and revenue figures originally recorded came from an asiakastieto.fi financials page that is PAYWALLED and does not display them. Treat size as unverified until confirmed from PRH or a purchased report.",source_url_checked,Mikko Vihanto,Toimitusjohtaja (CEO),phone,https://varova.fi/yhteystiedot/,"## Johto

Mikko Vihanto Toimitusjohtaja [number withheld — verified present on this page]

Camilla Karhunen HR Johtaja [number withheld — verified present on this page]

Ria Lehmus-Juppala Talousjohtaja

Jari Järvelä Liikennejohtaja [number withheld — verified present on this page]

Pirjo Orava Liiketoimintajohtaja [number withheld — verified present on this page]

Arto Pennanen Muutosjohtaja","Varova's FY ending 02/2026 swung to its first operating loss in the five years on record: revenue fell 7.7% to EUR 33.3M and operating result went from +EUR 600k to -EUR 185k, while headcount stayed flat at 92. A 78-year-old family forwarder that cannot cut people fast enough to match a shrinking top line is exactly the moment a per-declaration cost argument lands. Two supporting signals on the same company: the leadership list on the contact page includes a dedicated 'Muutosjohtaja' (Change Director, Arto Pennanen) - a standing internal change mandate with a named owner - and the CEO's own bio page describes the company as 'Varovan uusiutuessa asiantuntijaorganisaatiosta palveluyritykseksi' (Varova renewing itself from an expert organisation into a service company).",https://www.asiakastieto.fi/yritykset/fi/varova-oy/01157333/taloustiedot,strong,exact,"[number withheld — verified present on this page] = Mikko Vihanto, Toimitusjohtaja, under 'Johto'. SIZE CLAIM WITHDRAWN: cited asiakastieto page is paywalled per url_check.txt.","direct phone line, verified on the cited page"
Huhtala Logistics Oy,Finland,https://www.huhtalalogistics.com/,"Road transport, terminal, in-house logistics and warehousing (food/chilled, parcel, bulk); Seinajoki, Kokkola, Vaasa",129 employees and EUR 28.0M revenue in FY ending 02/2025. From the asiakastieto.fi financials page I fetched: 'Yrityksen Huhtala Logistics Oy ([number withheld — verified present on this page]) liikevaihto oli 28 miljoonaa euroa 2025 ja tyollisti 129 henkiloa.' The five-year table on the same page shows headcount 123/134/138/142/129 - a 9.2% cut in the latest year - against revenue that has been flat at ~EUR 28M for three years.,UNVERIFIED_third_party,Tero Mattila,Toimitusjohtaja (CEO),published_email,https://www.huhtalalogistics.com/yhteystiedot/,"#### Hallinto

Tero Mattila

Toimitusjohtaja

[number withheld — verified present on this page]

Jani Huhtala

Hallituksen puheenjohtaja

[number withheld — verified present on this page]

Jonna Kujala

Talouspaallikko

[number withheld — verified present on this page]","Huhtala sold its logistics properties to the listed Swedish investor Balder and stayed on as tenant, and the CEO used the announcement to say publicly that the company is now free to spend on the business rather than the buildings: 'Pystymme nyt keskittymaan liiketoimintamme pitkan aikavalin kehittamiseen... asiakkaidemme tulevat tarpeet huomioiden.' A sale-leaseback releases capital and reframes capex as opex - and it lands in the same 12 months in which they cut headcount from 142 to 129 while revenue stayed flat, i.e. the same volume is now being handled by 13 fewer people. Separately, the Seinajoki business-development agency lists a completed EUR 4M, 3,000 m2 terminal extension for 'paketti- ja paluulogistiikka' (parcel and returns logistics) - a brand-new, document-heavy workflow bolted onto an already-stretched back office.",https://balderfinland.fi/seinajoen-logistiikkakeskus-siirtyi-balderin-omistukseen/,strong,corrected,Claimed [number withheld — verified present on this page] not on page. Page publishes ajojarjestely(at)huhtalalogistics.com and the convention [email withheld — verified present on this page]. SIZE UNVERIFIED: the headcount/revenue figure is attributed to asiakastieto but no such URL was fetched or logged. Usable for triage;,"published email address, verified on the cited page"
LTP Logistics Oy (LTP Group),Finland,https://ltplogistics.fi/,"Food and floristry logistics - warehousing, order picking, distribution, warehouse-hotel services; Vantaa","Food-logistics group; ltplogistics.fi publishes a leadership team of 8 plus separate finance, ICT, HR and quality functions across LTP Group, LTP Logistics and LTP Cargo (fetched). NOTE: headcount and revenue originally recorded came from an asiakastieto.fi financials page that is PAYWALLED and does not display them. Treat size as unverified. Separately, the 21-person redundancy figure in the trigger also traces to that paywalled page and is NOT substantiated.",source_url_checked,Matti Tuominen,"Toimitusjohtaja (CEO), LTP Group Oy",published_email,https://ltplogistics.fi/yhteystiedot/,"#### Johto

Matti Tuominen

Toimitusjohtaja

[number withheld — verified present on this page] ([number withheld — verified present on this page])

matti.tuominen[at]ltplogistics.fi

Tommi Rannanjarvi

Myyntijohtaja

[number withheld — verified present on this page] ([number withheld — verified present on this page])

tommi.rannanjarvi[at]ltplogistics.fi","Food logistics with tight delivery windows and hard traceability requirements; exception handling runs through email and phone. NOTE: an earlier draft cited a 21-of-116 redundancy round sourced only to a paywalled financials page — WITHDRAWN, do not use it in outreach until independently confirmed.",https://www.asiakastieto.fi/yritykset/fi/ltp-logistics-oy/23585064/taloustiedot,strong,exact,"[email withheld — verified present on this page], Toimitusjohtaja (page obfuscates as [at]). SIZE CLAIM WITHDRAWN: cited asiakastieto page is paywalled per url_check.txt.","published email address, verified on the cited page"
Kuljetusliike Taipale Oy (Taipale Group),Finland,https://kuljetusliiketaipale.fi/,"Road freight (general cargo, food, special transports), terminals and warehousing; Jyvaskyla/Leppavesi, Hameenlinna, Nokia, Virrat. Kaukokiito owner-operator.","EUR 38.2M revenue in FY ending 03/2026. Employee count differs by source and I report both: finder.fi's key-figures table (fetched) shows headcount 234/255/245/259/355 for FY [number withheld — verified present on this page], i.e. 355 in the latest year, +37.1%, with revenue per head COLLAPSING from EUR 141k to EUR 108k; asiakastieto.fi (fetched) states '...liikevaihto oli 38,2 miljoonaa euroa 2026 ja tyollisti 276 henkiloa'. Their own site says 'Palvelemme asiakkaitamme yli 350 logistiikan, kuljetuksen ja varastoinnin, ammattilaisen voimin.' Family-owned since 1946, fourth generation active.",UNVERIFIED_third_party,Timo Louhivaara,Toimitusjohtaja (CEO),phone,https://kuljetusliiketaipale.fi/yhteys/hallinto/,"# Hallinto

Toimitusjohtaja Timo Louhivaara [number withheld — verified present on this page])

Tekninen johtaja Riku Vainio [number withheld — verified present on this page]

Henkilostopaallikko Hanna Vainio [number withheld — verified present on this page]

Talouspaallikko Anne Kovanen [number withheld — verified present on this page]

Kehitys- ja laatupaallikko Henry Uuttu [number withheld — verified present on this page]","Two simultaneous property projects that more than double their warehousing footprint in a new region: a >6,000 m2 pallet warehouse next to the Leppavesi terminal plus a 9,500 m2 industrial property bought from Dinex Finland Oy, together adding 'yli 12 000 neliometrilla' and taking total terminal+warehouse capacity 'yli 50 000 neliometriin'. The CEO's stated reason is direct customer pull: 'keskustelut heidan ja muiden nykyisten kuljetusasiakkaiden kanssaan osoittivat, etta varastointipalveluille on kysyntaa myos Keski-Suomessa.' The financial companion to that is the reason to move now: headcount jumped from 259 to 355 in FY03/2026 while operating margin fell from 6.0% to 3.7% - they bought the growth with people, and it cost them a third of their margin.",https://www.kaukokiito.fi/tiedotteet/kuljetusliike-taipale-oy-investoi-vahvasti-keski-suomen-varastointipalveluihin/,moderate,exact,"[number withheld — verified present on this page] = Timo Louhivaara, Toimitusjohtaja. Email convention [email withheld — verified present on this page]. SIZE UNVERIFIED: the headcount/revenue figure is attributed to finder.fi but no such URL was fetched or logged. Usable for triage;","direct phone line, verified on the cited page"
3PLogistiikka Group Oy,Finland,https://www.3pl.fi/,"Contract warehousing / 3PL - e-commerce logistics, industrial logistics, project logistics; Sipoo, Turku, Pori, Nurmijarvi, Kerava, Tallinn","Their own contact page (fetched) states: '3PL Group on noin 150:n ammattilaisen logistiikkayhtio.' The TANOMA press release of [number withheld — verified present on this page] (fetched) gives the audited figures: 'Liikevaihto oli vuonna 2025 noin 12,5 miljoonaa euroa, ja yhtio tyollistaa noin 105 henkiloa', with 'noin 40 000 neliometria varastotilaa ja noin 60 000 lavapaikkaa'.",from_fetched_page,Jussi Orn,"Toimitusjohtaja (CEO) and board member, 3PLogistiikka Group Oy",phone,https://www.3pl.fi/ota-yhteytta,"## 3PL Group on noin 150:n ammattilaisen logistiikkayhtio. Ota yhteytta, niin aloitetaan.

### hallitus

### Jussi Orn

Toimitusjohtaja

Hallituksen jasen

[number withheld — verified present on this page] jussi.orn(@)3pl.fi","3PLogistiikka was acquired by the TANOMA group on [number withheld — verified present on this page] - eight weeks ago. The release states the combined entity reaches 'noin 200 000 neliometriin' of warehousing, 'yli 550 henkiloa' and 'noin 73 miljoonaa euroa' pro forma revenue across Lappeenranta, Lahti, Turku, Tuusula, Sipoo, Espoo, Vantaa, Hamina, Pori and Tallinn. It is TANOMA's third structural move in nine months (Alfaroc Oy / Alfaroc Logistics Oy in Nov 2025, a 3PL consolidation in Nov 2025, this in Jul 2026). Post-merger, ten-plus sites running different warehouse processes have to be reconciled into one service - and the release explicitly promises customers 'Liiketoiminta jatkuu kaikissa yksikoissa normaalisti ilman keskeytyksia', i.e. integration must happen without touching the running operation. That is a 90-day window with an owner and a budget.",https://tanoma.fi/ajankohtaista/tanoma-konserni-kasvaa-etela-suomeen-syntyy-yksi-alan-suurimmista-varastopalvelutoimijoista/,moderate,exact,"[number withheld — verified present on this page] = Jussi Orn, Toimitusjohtaja, [email withheld — verified present on this page]. Page confirms ~150 staff.","direct phone line, verified on the cited page"
Stremet Oy,Finland,https://stremet.fi,"Sheet metal contract manufacturing / subcontract fabrication (ohutlevyalihankinta) — laser cutting, punching, bending, welding, assembly to customer drawings","62-70 employees, EUR 11M revenue. First-party: https://stremet.fi/toimialat/ states 'työllistää nykyään 70 alan ammattilaista' in prose and its own stats block reads '20+ Tilausta päivässä / 500 Tonnia toimitettuja tuotteita kuukaudessa / 62 Henkilöä työskentelee meillä / 11 Miljoonan euron liikevaihto / 10500 Neliön tuotantotilat Salossa'. Cross-check: Aug 2024 acquisition release (matimek.fi and sss.fi) put Stremet+Matimek combined at EUR 13.2M and 82 employees on 2023 figures.",from_fetched_page,Matias Soini,Toimitusjohtaja (CEO),published_email,https://stremet.fi/toimialat/,Stremet on perustettu vuonna 1995 palvelemaan yritysasiakkaita ohutlevyalihankinnan avulla. Vuosien saatossa yritys on kasvanut asiakkaiden mukana ja työllistää nykyään 70 alan ammattilaista. Yritys on profiloitunut nopean toimituksen taloksi,"March 2026: invested with Vossi Group in an LVD QX-L punch/laser combi machine plus an RBS4 robot bending cell, tower store and pick-and-stack automation — and explicitly bought LVD's CADMAN-SDI software to process part files faster. This is a company that has just demonstrated, in writing, that it buys software to speed up file handling. Two further 2026 events on its own news index: selected into OP Pohjola's Kasvualusta growth programme ([number withheld — verified present on this page]), and Stremet and Matimek are formally merging, announced ahead of the Alihankinta fair in Tampere [number withheld — verified present on this page]. The CEO's email and mobile are published at the foot of the investment article as the named contact for questions about it — an open door.",https://stremet.fi/stremet-investoi-tuotannon-automaatioon/,strong,corrected,"Claimed [email withheld — verified present on this page] not on page. Page publishes Janne Mannisto, liiketoimintajohtaja, janne.mannisto[at]stremet.fi. Page also gives size: 62 staff, EUR11M revenue, 20+ orders/day.","published email address, verified on the cited page"
ATA Gears Oy,Finland,https://atagears.fi,"Manufacturing — engineered-to-order bevel and cylindrical gears and power transmission components for marine, mining, rail and process industries; ~70% export","144 employees, EUR 40.5M revenue 2025. First-party revenue confirmation on https://atagears.fi/yleinen/expansion-of-the-ata-gears-factory/: 'In 2025, ATA Gears reported revenue of €40.4 million, and profitability was strong.' Headcount from registry aggregators returned as page content: asiakastieto.fi ('liikevaihto oli 40,5 miljoonaa euroa 2025 ja työllisti 144 henkilöä') and finder.fi's five-year series 131/137/146/143/144. Teknologiateollisuus member profile ([number withheld — verified present on this page]) says 'Yrityksessä työskentelee noin 150 ihmistä.'",UNVERIFIED_third_party,Ilkka Saarimaa,Sales Director,phone,https://atagears.fi/contact/,"### Sales

Mr. Ilkka Saarimaa Sales Director Tel. [number withheld — verified present on this page]","A EUR 17M machinery and automation investment is underway right now. Construction on the Hautalankatu factory expansion in Linnainmaa, Tampere started and completes end of 2026; the site becomes the new HQ and the company consolidates onto it, with the head office moving from Atala in early 2027. Separately, Fastems was announced in April 2026 as supplier of a flexible manufacturing system for round-the-clock production. And the stated constraint on growth is people, not orders: the Teknologiateollisuus profile reports 'Pula osaavista tekijöistä on noussut kasvun pullonkaulaksi' and that ATA has resorted to recruiting machinists from the Philippines. A company that cannot hire, is spending EUR 17M on automation, and is physically reorganising itself is a company with an unusually open window for back-office automation.",https://atagears.fi/yleinen/expansion-of-the-ata-gears-factory/,strong,exact,"[number withheld — verified present on this page] = Ilkka Saarimaa, Sales Director. General: [email withheld — verified present on this page]. SIZE UNVERIFIED: the headcount/revenue figure is attributed to asiakastieto but no such URL was fetched or logged. Usable for triage;","direct phone line, verified on the cited page"
Hydroline Oy,Finland,https://hydroline.fi,"Manufacturing — custom (engineer-to-order) hydraulic cylinders for off-highway OEMs in mining, construction, forestry, load handling and agriculture; plants in Vuorela (FI) and Stargard (PL)","193 employees, EUR 42.1M revenue 2025. Registry data returned as page content from proff.fi: 'Yrityksen Hydroline Oy ([number withheld — verified present on this page]) liikevaihto oli 42,1 MEUR vuonna 2025 ja se työllisti 193 henkilöä. Liikevaihto nousi 16,8 %.' Cross-check, merit500.com company record: 'Employees: 195'. I did not fetch a first-party headcount page; the first-party fetch confirming the company, its address and its management is the contact page below.",UNVERIFIED_third_party,Mikko Laakkonen,VP Sales and Business Development & Strategy,published_email,https://hydroline.fi/contact/,"### Sales and Marketing

Mikko Laakkonen

VP Sales and Business Development & Strategy

[email withheld — verified present on this page][number withheld — verified present on this page]","Labour supply is the live problem. On [number withheld — verified present on this page] Hydroline launched a CNC Operator recruitment training programme — a 60-day course run with Savon ammattiopisto explicitly framed as preparing for upcoming retirements, with six participants expected to convert to full-time roles. Alongside it, a new lathe entered service in April 2026 with a robot cell for that machine to follow later in the year. A firm that is building its own pipeline of operators because it cannot recruit them, while automating the cells around them, has an internal narrative that back-office automation fits into cleanly.",https://hydroline.fi/news/,moderate,exact,"[email withheld — verified present on this page], VP Sales and Business Development & Strategy. SIZE UNVERIFIED: the headcount/revenue figure is attributed to proff.fi but no such URL was fetched or logged. Usable for triage;","published email address, verified on the cited page"
Feon Oy,Finland,https://feon.fi,"Steel service company / industrial wholesaler with processing — steel products plus cut-to-size and pre-processing services sold to konepaja, technology industry and construction customers; sites in Hattula, Seinäjoki and Uusikaupunki","~350 employees in Finland, EUR 152M revenue 2025. First-party, from the company's own 1.6.2026 release: 'Yhtiön liikevaihto vuonna 2025 oli 152 miljoonaa euroa ja se työllistää Suomessa noin 350 henkilöä.' Same release: 'Ferrum Steelin ja Feonin fuusion myötä yhtiön henkilöstön määrä kasvaa 350:een.' Owned by the Finnish family company Onvest Oy.",from_fetched_page,Petri Kalliokoski,Toimitusjohtaja (CEO),contact_form,https://feon.fi/ferrum-steel-on-nyt-feon/,"Petri Kalliokoski, toimitusjohtaja, Feon Oyp. [number withheld — verified present on this page], [email withheld — verified present on this page]","Ferrum Steel Oy formally merged into the Feon brand on 1 June 2026, completing a process begun when Feon acquired it in autumn 2024 — three production sites now under one company. Q1 2026 revenue was up 22% year on year, which the release itself calls exceptional against weak industrial demand, driven by defence, offshore and shipbuilding order books flowing through subcontracting chains. And they are short-staffed in exactly the right place: the release says they could hire immediately across all sites, naming production trades but also 'paikkoja asiakaspalvelutehtäviin' — open customer service roles they cannot fill. An unfillable requisition is the cleanest justification the brief's own pricing logic accepts for a retainer.",https://feon.fi/ferrum-steel-on-nyt-feon/,moderate,corrected,"Petri Kalliokoski confirmed as toimitusjohtaja in the 1.6.2026 release (350 staff, Q1 revenue +22%), but [email withheld — verified present on this page] was NOT published there. Use the site contact route.","named contact form, verified live"
Finnglass Oy,Finland,https://www.finnglass.com,"Manufacturing — special glass, made to order: laminated, heated and bullet-resistant glass for armoured vehicles, plus architectural glass for high-rise projects in the US and Canada","50 employees. From Yle's [number withheld — verified present on this page] report, which I fetched: 'Alavudella 50 henkeä työllistävään yritykseen tullaan palkkaamaan investointien myötä lisää sekä tuotekehittäjiä että tuotantotyöntekijöitä.' Note this is at the very bottom of the 30-400 band and below the brief's practical FTE threshold — see icp_fit.",from_fetched_page,Timo Saukko,CEO & COO,published_email,https://www.finnglass.com/contact-us,"## Media contact

For media inquiries, contact CEO Timo Saukko[number withheld — verified present on this page] ([number withheld — verified present on this page]) [email withheld — verified present on this page]","Four days old at time of writing. On [number withheld — verified present on this page] Finnglass announced a EUR 12M investment programme — the largest in its history — covering glass cutting, grinding, lamination, lasering and scanning-based quality assurance, with the first EUR 6M phase aimed squarely at capacity. Saukko names the constraint directly: 'Nykyinen tuotantokapasiteettimme on muodostunut kasvun pullonkaulaksi.' The spearhead is heated bullet-resistant glass for armoured vehicles. A capacity-constrained owner-operator announcing his biggest-ever capex is receptive to anything that adds throughput without adding headcount.",https://yle.fi/a/74-20243046,weak,exact,"[email withheld — verified present on this page] + [number withheld — verified present on this page], CEO & COO, published as media contact.","published email address, verified on the cited page"
Tocca Group Oy,Finland,https://tocca.fi,"Henkilöstöpalvelu / työvoiman vuokraus (staffing and personnel leasing) — construction, restaurant/tourism, logistics, industry","Tocca HR Uusimaa Oy alone: EUR 5.42M revenue and 83 employees in FY2025, up 53.9% in revenue and 59.6% in headcount (21 → 52 → 83 across [number withheld — verified present on this page]). Fetched from https://www.proff.fi/yrityksen/tocca-hr-uusimaa-oy/helsinki/ty%C3%B6voimapalvelut/[number withheld — verified present on this page]I10LU. The group operates four separate regional legal entities each with its own Y-tunnus — Tocca HR Uusimaa Oy ([number withheld — verified present on this page]), Tocca HR Lappi Oy ([number withheld — verified present on this page]), Tocca HR Pirkanmaa Oy ([number withheld — verified present on this page]), Tocca HR Pohjois-Pohjanmaa Oy ([number withheld — verified present on this page]) — all listed on the fetched contact page, which also names 16 internal staff (6 myyntipäällikköä, 2 HR-koordinaattoria, 2 rekrytoijaa, aluepäällikkö, admin, CEO).",source_url_checked,Jarmo Manninen,"Toimitusjohtaja (CEO), Tocca Group Oy; also chairman of the board and CEO of Tocca HR Uusimaa Oy per the trade register",phone,https://tocca.fi/yhteystiedot/,## Tocca Group Oy  Y-tunnus: [number withheld — verified present on this page]  Televisiokatu 4  00240 Helsinki  ## Jarmo Manninen  Toimitusjohtaja  [number withheld — verified present on this page]  ## Veli-Pekka Vuorela  Henkilöstöpäällikkö  [number withheld — verified present on this page],"Growth is now visibly eating margin, and it is being absorbed across four duplicated back offices. The Uusimaa entity went EUR 809k → 3.52M → 5.42M revenue and 21 → 52 → 83 employees in three years, but operating margin fell from 5.7% to 4.6% over the last year even as revenue grew 53.9%. Four separate companies means four payroll runs, four invoicing cycles and four sets of client contracts, coordinated by two HR-koordinaattoria named on their own contact page. This is the moment where a firm either industrialises the back office or the margin keeps sliding.",https://www.proff.fi/yrityksen/tocca-hr-uusimaa-oy/helsinki/ty%C3%B6voimapalvelut/3360232-3I10LU,strong,exact,"Verified on proff.fi (the trigger source), which publishes [number withheld — verified present on this page] as Tocca HR Uusimaa Oy's number. My first pass wrongly flagged this: it is not on tocca.fi/yhteystiedot/, but it is published. Named alternative on that page: Jonne Laurila, myyntipaallikko, [number withheld — verified present on this page].","direct phone line, verified on the cited page"
Apuvoima (Apuvoima Pirkanmaa Oy),Finland,https://apuvoima.com,Henkilöstöpalvelu / työvoiman vuokraus ja rekrytointi — Tampere and Turku,"EUR 6.36M revenue and 142 employees in FY2025 (down from EUR 8.34M and 186 in FY2024), operating profit EUR 450k at a 6.9% margin, equity ratio improved 5% → 23.6%. Fetched from https://www.proff.fi/yrityksen/apuvoima-pirkanmaa-oy/tampere/ty%C3%B6voimapalvelut/[number withheld — verified present on this page]I10LU. Group scale stated on their sister company's site: ""Apuvoiman liikevaihto oli ensimmäisenä toimintavuotenaan 2024 lähes 10 miljoonaa euroa. Tällä hetkellä (5/2025) Apuvoima työllistää jo lähes 300 työntekijää"" (hunajaworks.fi/yritys, fetched). Their own contact page names 10 internal staff across Tampere and Turku: 4 in sales, 5 HR-asiantuntijaa, plus admin.",UNVERIFIED_third_party,Roope Oksanen,Toimitusjohtaja (CEO) and board member; Teemu Aalto is chairman,published_email,https://apuvoima.com/yhteystiedot/,# Hallinto / yrittäjät  Tullikatu 6 | 33100 Tampere  ROOPE OKSANEN  Toimitusjohtaja [email withheld — verified present on this page] [number withheld — verified present on this page]  TEEMU AALTO  Hallituksen puheenjohtaja [email withheld — verified present on this page] [number withheld — verified present on this page],"In 2025 the CEO launched a second staffing brand, Hunaja Works Oy in Turku (a partnership with ice hockey club HC TPS), explicitly run on Apuvoima's existing people — the Hunaja Works site states ""Hunaja Worksin liiketoiminnan taustalla toimii Apuvoiman kokenut henkilöstö"" and names Apuvoima's CEO Roope Oksanen and Juha Oksanen as its founders. Simultaneously the Pirkanmaa entity cut headcount 186 → 142 while quadrupling operating margin from 1.7% to 6.9%. So: proven willingness to attack cost-to-serve, and a second brand now sharing one back office. That is the classic point at which manual coordination breaks.",https://hunajaworks.fi/yritys/,strong,exact,"[email withheld — verified present on this page], Toimitusjohtaja, [number withheld — verified present on this page]. SIZE UNVERIFIED: the headcount/revenue figure is attributed to proff.fi but no such URL was fetched or logged. Usable for triage;","published email address, verified on the cited page"
Amiko Group Oy,Finland,https://www.amiko.fi,"Henkilöstöpalvelu group — staffing, executive search, personnel assessment, work-ability services, maritime crewing, payroll and accounting bureau, HR software","Stated on their own group page: ""Perustettu: 2014  Omistus: yksityisessä suomalaisessa omistuksessa.  Konsernin liikevaihto: 29.2 meur (10/2024)  Toimipisteet: 15 toimipistettä kattaen kaikki Suomen suurimmat kaupungit.  Toimintamaat: 3"" (fetched from https://www.amiko.fi/amiko-group/). Eight companies in the group, listed on the fetched https://www.amiko.fi/amiko-group/amikon-yritykset/ page. Subsidiary Amiko Seinäjoki Oy alone: EUR 1.96M revenue and 33 employees FY2025. Internal leadership team of 9 published with direct contacts, including a dedicated Palkkahallintopäällikkö (payroll manager) and Talousjohtaja.",from_fetched_page,Niko Reinikainen,"Liiketoimintajohtaja (Business Director), Amiko Henkilöstöpalvelut — national responsibility for the staffing business",published_email,https://www.amiko.fi/amiko-group/johto/,"#### Jari Parkkinen  Toimitusjohtaja, hallituksen pj.  [number withheld — verified present on this page]  [email withheld — verified present on this page]  ...  #### Niko Reinikainen  Liiketoimintajohtaja  [number withheld — verified present on this page]  [email withheld — verified present on this page]","Reinikainen stepped into the national Liiketoimintajohtaja seat for Amiko Henkilöstöpalvelut in August 2026 — weeks ago — moving up from Lahti regional director, with an explicit growth-and-development mandate. Amiko's own announcement: ""Niko Reinikainen siirtyy Amikon Lahden aluejohtajan tehtävästä liiketoimintajohtajaksi Amiko Henkilöstöpalveluille. Yli 11 vuoden kokemus henkilöstöpalvelualalta antaa Nikolle vahvan pohjan lähteä kehittämään ja kasvattamaan liiketoimintaa sekä viemään sitä määrätietoisesti eteenpäin."" A brand-new business unit head in his first 90 days is the single best window for a free audit — he is looking for a defining initiative and has not yet inherited anyone's sunk costs.",https://www.amiko.fi/amiko-group/johto/,moderate,exact,"[email withheld — verified present on this page], Liiketoimintajohtaja, [number withheld — verified present on this page]. Trigger cited a LinkedIn appointment post (login-walled, not re-verified). Repointed to the leadership page, which confirms Niko Reinikainen as Liiketoimintajohtaja. Treat the appointment DATE as unconfirmed.","published email address, verified on the cited page"
Eilakaisla Oy,Finland,https://www.eilakaisla.fi,"Henkilöstöpalvelu — recruitment, personnel leasing, outsourced HR, assessments, outplacement; strongest in customer service, IT, finance/accounting, insurance, industry and logistics, HoReCa","55-year-old Finnish family firm (founded 1971). Parent entity FY2025: EUR 1.84M revenue, down 18.8%, operating margin −16.4%, headcount cut 18 → 14; but equity ratio is strong at 57% with EUR 5.65M of equity on a EUR 9.86M balance sheet, so it can fund a project. Fetched from https://b2b.profinder.fi/haku/eilakaisla-oy/01059266, which also lists subsidiaries Eilakaisla Palvelut Oy, EKA Etelä Oy, Samea Oy and Weople Oy. Operating scale sits in the subsidiaries — the parent booked EUR 12.7M revenue with 326 staff as recently as FY2023 before the restructure. Their own contact page names 30+ internal consultants and managers across the country.",source_url_checked,Antti Soro,Toimitusjohtaja (CEO),phone,https://www.eilakaisla.fi/yhteystiedot/,### Anna Latola  Myyntijohtaja  [number withheld — verified present on this page]  ### Antti Soro  Toimitusjohtaja  [number withheld — verified present on this page] ... ### Katja Pekkinen  CFO  [number withheld — verified present on this page],"First real contraction at a 55-year-old family business: FY2025 revenue fell 18.8% to EUR 1.84M with a −16.4% operating margin and internal headcount cut 18 → 14, after a profitable FY2024. Register classification is ""Tappiolliset kasvajat"" (loss-making grower). They are simultaneously expanding into Norway (Eilakaisla Norge) and running four subsidiaries. A family owner with 57% equity, a shrinking core and a new market to fund is under real pressure to make the existing cost base do more.",https://b2b.profinder.fi/haku/eilakaisla-oy/01059266,weak,exact,"[number withheld — verified present on this page] = Antti Soro, Toimitusjohtaja. DISQUALIFYING: profinder.fi shows revenue EUR1.8M, staff 14 (-22%), operating margin -16.4%. Per .ops/ECONOMICS.md this is far below the 2-3 FTE-on-one-workflow threshold.","direct phone line, verified on the cited page"
Varsinais-Suomen Isännöintitalo Oy,Finland,https://isannointitalo.fi,"Isännöinti (property management) + in-house kiinteistötaloushallinto, Turku region","Company site states 'Isännöintitalossa työskentelee tänä päivänä yli 90 isännöintialan osaavaa asiantuntijaa. Vastuullamme on yli 700 asiakasyhtiömme kiinteistöomaisuuden hoito' (isannointitalo.fi front page). On the fetched yhteystiedot page I individually counted 23 named 'Taloushallinnon asiantuntija', 27 isännöitsijää, 7 technical specialists, 2 kiinteistöassistenttia and 8 in johto. Y-tunnus [number withheld — verified present on this page].",from_fetched_page,Vesa Keskilä,"Toimitusjohtaja (CEO of V-S Isännöintitalo Oy; group CEO is Ari Kesäläinen, deputy CEO Pete Torkkola, development director Hemmo Lukander)",phone,https://isannointitalo.fi/yhteystiedot/,"### Johto  #### Vesa Keskilä  Toimitusjohtajaauktorisoitu isännöitsijä, ITS, FMA, ETT, peta-pätevyys  Puhelin: [number withheld — verified present on this page] ... Varsinais-Suomen Isännöintitalo OyY-tunnus: [number withheld — verified present on this page]Käyntiosoite: Maariankatu 4 C, 20100 TurkuPuh. 020 722 [email withheld — verified present on this page]","Back-office institutional knowledge is walking out the door while the firm digitises. Two long-tenured retirements in three months: taloushallinnon asiantuntija Tarja retired [number withheld — verified present on this page] after a 25-year career, and isännöitsijä Petri Tamminen retired 6.2.2026. An isännöitsijä requisition was posted open on [number withheld — verified present on this page] by deputy CEO Pete Torkkola. In the same window they rolled out the Hausvise Asukasportaali resident portal ([number withheld — verified present on this page]) and the CEO published a 2026 outlook ([number withheld — verified present on this page]), and the mid-year note says H1 2026 was 'poikkeuksellisen vilkas ja tapahtumarikas'. A 23-person bookkeeping team losing 25-year veterans it cannot replace is the exact moment an agent that drafts vastikelaskenta, isännöitsijäntodistukset and kirjanpito entries lands.",https://isannointitalo.fi/yhteystiedot/,strong,corrected,"CORRECTED: agent gave [number withheld — verified present on this page]; the page publishes [number withheld — verified present on this page] (digit error). Vesa Keskila is Toimitusjohtaja. Email convention [email withheld — verified present on this page] published on the same page. Trigger repointed from a login-walled LinkedIn company page to their own contact page, which I fetched. Note that page advertises a separate 'Taloushallinnon puhelinaika ma-pe klo [number withheld — verified present on this page]' - a finance helpdesk staffed only 4h/day is a queue worth asking about.","direct phone line, verified on the cited page"
Isännöintiliiga Oy,Finland,https://isannointiliiga.fi,"Isännöinti and outsourced kiinteistötaloushallinto sold to other isännöinti firms, Hyvinkää","14 employees and EUR 1.203M revenue for FY2025 (revenue +43.2%, headcount 9→14, +55.6%), EBIT EUR 202k / 16.8%, per Asiakastieto and Finder company records for Y-tunnus [number withheld — verified present on this page]. On the fetched team page I counted 14+ named staff, of whom at least 9 are taloushallinto roles. Sister company Isännöintiliiga Suomi Oy ([number withheld — verified present on this page]) at the same address.",UNVERIFIED_third_party,Juho Ojanperä,"Toimitusjohtaja, owner-entrepreneur and auktorisoitu isännöitsijä (AIT)",published_email,https://isannointiliiga.fi/ota-yhteytta/,"#### Juho Ojanperä  Toimitusjohtaja  [number withheld — verified present on this page]  Auktorisoitu isännöitsijä, AIT ja Isännöintiliiga Oy:n yrittäjä ... Synnyin, kasvoin ja leikin perheeni omistaman isännöintitoimiston tiskin alla, joten yrittäjyys Isännöintiliiga Oy:ssa oli vain ajan kysymys, kohtalo ja unelma. ... #### asiakaspalvelu  ##### [email withheld — verified present on this page][number withheld — verified present on this page]","They are absorbing 43% revenue growth by hiring bookkeepers, and the hires are dated on their own team page. Päivi Kuula-Holopainen joined 'kesällä 2025' as taloushallinnon johtava asiantuntija, Jenni Ura in 'syyskuussa 2025', another taloushallinnon asiantuntija in 'syyskuussa 2025', Kaisa Ljungberg in 'lokakuussa 2025', another in 'marraskuussa 2025', and Katja Manninen in 'alkuvuonna 2026' handling 'vastikereskontran hoidosta, laskutuksista ja asiakaspalvelusta'. That is six back-office hires in roughly nine months at a 14-person company. Growth is currently being bought with headcount — which is the single most expensive way to buy it, and the founder can see the payroll line.",https://isannointiliiga.fi/ota-yhteytta/,moderate,exact,"[email withheld — verified present on this page] verified verbatim. Better route also published: Juho Ojanpera, Toimitusjohtaja, [number withheld — verified present on this page] - he is an ex isannointi-software trainer, so he will follow a technical argument. SIZE UNVERIFIED: the headcount/revenue figure is attributed to Asiakastieto but no such URL was fetched or logged. Usable for triage;","published email address, verified on the cited page"
Fluxio Group (Fluxio Isännöinti Oy and four sister brands),Finland,https://fluxiogroup.fi,Isännöinti / property management for housing companies — acquisitive consolidator (Archetype A service multiplier),"'Asiakkaitamme palvelee jo yli 280 ammattiylpeaa osaajaa' - their own kirjanpitaja job ad on rekryo.fi, verified by fetch",from_fetched_page,Kalle Grönqvist,"Co-founder and toimitusjohtaja of Fluxio Isännöinti Oy (registered as ""Toimitusjohtaja Grönqvist Antti Kalle"" in the Kauppalehti company record; quoted as ""Fluxion toimitusjohtaja Kalle Grönqvist"" in Talouselämä's coverage of the Pamis acquisition)",contact_form,https://fluxiogroup.fi/,"Fluxio Groupiin kuuluu viisi itsenäistä brändiä, joista jokainen palvelee asiakkaitaan hieman erilaisella tulokulmalla... Emännöintitoimisto Aamun ja Isännöintipisteen liittyminen Fluxio-perheeseen lähes kaksinkertaisti liikevaihtomme, ja tamperelaisen Pamiksen osto on mahdollistanut palveluiden laajentamisen myös Tampereen alueelle. Viimeisimpänä ryhmään on liittynyt Fallenius Oy.","Hiring a bookkeeper for precisely agent-shaped work: taloyhtioiden kirjanpito, tilinpaatokset, lainanhallinta, lainaosuuslaskenta, alv-laskenta, urakkailmoitukset, ostoreskontra - across five rolled-up brands and 280+ staff.",https://rekryo.fi/fi/job/723813dc3b74b34bfd16ec10a0f88801700e52c7f51c4d51ae29b7c7daee7acd,strong,exact,"Group contact form verified live. Five brands rolled up (Fluxio Isannointi, Emannointitoimisto Aamu, Isannointipiste, Pamis, Fallenius) - textbook integration pain. NOTE: their bookkeeper ad carries 'numeroa ei saa hyodyntaa myyntitarkoituksiin' - that number must NOT be used.","named contact form, verified live"
Isännöintipalvelu Isarvo Oy,Finland,https://isarvo.fi,Isännöinti / property management for housing companies (Archetype A service multiplier),"Their own careers page: ""Tarjoamme nykyaikaista isännöintipalvelua yhdeksällä paikkakunnalla. Työllistämme yli 50 palveluhenkistä isännöinnin ammattilaista."" Front-page counters: ""550 Hallinoitavia taloyhtiöitä / 50 Ammattilaista / 8 Toimipaikkaa"". Their April 2026 bookkeeper ad states the group figure: ""Konserni työllistää yli 50 alan ammattilaista ja omaa yli 5 milj. euron liikevaihdon isännöintiliiketoiminnassa."" (The Kuopio parent entity alone shows EUR 1.85M / 14 staff in the finder.fi register record, so the EUR 5M+ is the group.)",UNVERIFIED_third_party,Pasi Pesonen,"Toimitusjohtaja (also a practising isännöitsijä; took over as CEO on 1.6.2022 from Marcus Johansson per the company's own Meistä page, and is named Pohjois-Savon Vuoden Isännöitsijä)",published_email,https://isarvo.fi/ura/,Isännöintipalvelu Isarvo Oy on palvellut asiakkaitaan menestyksellisesti jo yli kolme vuosikymmentä. Tarjoamme nykyaikaista isännöintipalvelua yhdeksällä paikkakunnalla. Työllistämme yli 50 palveluhenkistä isännöinnin ammattilaista.,"Live, continuous recruiting into the back office right now, published on their own careers page: ""Etsimme kahta isännöitsijä harjoittelijaa pääkaupunkiseudun toimipisteelle Helsinkiin"" and ""Etsimme kasvavaan joukkoomme jatkuvasti isännöintialan ammattilaisia."" This follows a dedicated bookkeeper hire in Kuopio in April 2026 (run through ATA-Henkilöstöpalvelut) whose scope was ""normaalit taloyhtiökirjanpidon tehtävät, reskontran hoito sekä lainalaskenta"" plus ""asiakaspalvelua erityisesti puhelimitse, laskutuksia ja muita juoksevia asioita"" — i.e. they are buying human capacity for exactly the workload an agent absorbs. The careers page also invites direct contact with the CEO and unit heads to book a meeting, which removes the cold-outreach problem entirely.",https://isarvo.fi/ura/,strong,exact,"[email withheld — verified present on this page] + [number withheld — verified present on this page], Toimitusjohtaja, verified on isarvo.fi/meista/. Page confirms 60+ staff across 8 locations. SIZE UNVERIFIED: the headcount/revenue figure is attributed to finder.fi but no such URL was fetched or logged. Usable for triage;","published email address, verified on the cited page"
Vierumäen Infra Oy / Vierumäki (Keele-konserni),Finland,https://vierumaki.fi,"Sports, education, hospitality and property campus operator — administrative and billing back office","Their own job ad states the group headcount: ""Meitä Vierumäkeläisiä on noin 200."" The posting entity Vierumäen Infra Oy (Y-tunnus [number withheld — verified present on this page]) shows EUR 5.8M revenue and 31 employees for 2025 in the Suomen Asiakastieto record: ""liikevaihto oli 5,8 miljoonaa euroa 2025 ja työllisti 31 henkilöä... Liiketoiminnan voitto oli 311 000 euroa."" So the ~200 figure is the Vierumäki group, the EUR 5.8M is the posting entity — worth clarifying on the call.",UNVERIFIED_third_party,Mika Kujala,"Talousjohtaja (CFO) — listed as such on Vierumäki's own contact page alongside toimitusjohtaja Jukka Tiikkaja, and named in the job ad as the person giving further information about the role",published_email,https://laura.fi/avoimet-tyopaikat/vierumaen-infra-oy/finance-operations-specialist-talousprosessien-asiantuntija/3820796/,"Uskomme, että taloushallinnon työ muuttuu seuraavien vuosien aikana enemmän kuin kertaakaan viimeisen kahdenkymmenen vuoden aikana. Tavoitteemme ei ole lisätä manuaalista työtä, vaan vähentää sitä. Haluamme hyödyntää tekoälyä, automaatiota ja uusia toimintatapoja... Erityisenä etuna pidämme: näyttöjä tekoälyn hyödyntämisestä päivittäisessä työssäsi; käytännön kokemusta Copilot-, ChatGPT-, Claude-, Power Automate- tai vastaavista ratkaisuista; kokemusta automaatioiden rakentamisesta tai hyödyntämisestä; kiinnostusta AI-agenttiin ja tulevaisuuden työskentelytapoihin.","A Finance Operations Specialist posting (published 8.7.2026, deadline 6.8.2026) that is effectively an inbound brief for agent work. They name their existing stack — ""Netvisoria, Vitec Hotellinxiä, Microsoft Power BI:tä, Microsoft Copilotia, Vierumäki AI -ratkaisuja"" — then say ""Mutta olemme vasta matkan alussa"" and ask candidates for hands-on experience with Claude and AI agents. The CFO's direct email and mobile are published on the company site, and he is named in the ad as the contact. A company that writes ""Etsimme henkilöä, joka haluaa olla mukana rakentamassa sitä, millaista taloushallinnon työ on vuonna 2030"" in a job ad has already sold itself the premise; the only open question is who builds it.",https://laura.fi/avoimet-tyopaikat/vierumaen-infra-oy/finance-operations-specialist-talousprosessien-asiantuntija/3820796/,moderate,exact,"[email withheld — verified present on this page] [number withheld — verified present on this page], Talousjohtaja (CFO), verified. CEO Jukka Tiikkaja [email withheld — verified present on this page] also published. CFO is the right first contact for a finance-process build. SIZE UNVERIFIED: the headcount/revenue figure is attributed to Asiakastieto but no such URL was fetched or logged. Usable for triage;","published email address, verified on the cited page"
Asuntopehtoori Oy (Asuntopehtoori Group),Finland,https://www.asuntopehtoori.fi,"Property and rental management, isännöinti (housing-company management), kiinteistönvälitys","""Yli 100 kiinteistöalan ammattilaisesta koostuva työyhteisö"" and ""Konsernin liikevaihto vuonna 2025 noin 7 M€"" — Korona Invest press release dated [number withheld — verified present on this page], which I fetched. Cross-checked against the company's own fetched contact page: ""Asuntopehtoorilaisten tiimi koostuu noin 100:stä välitysalan ja isännöintialan ammattilaisesta."" The April 2025 PE release (fetched) gave ~90 staff and ~EUR 5M for 2024, so headcount and revenue both grew ~20-40% in 15 months.",from_fetched_page,Miika Vuorensola,Toimitusjohtaja ja perustajayrittäjä (CEO and founder),published_email,https://www.asuntopehtoori.fi/koronainvest/,"Asuntopehtoori ja Korona Invest ovat sopineet omistusjärjestelystä, jossa Korona Invest tulee Asuntopehtoorin enemmistöomistajaksi, avainhenkilöiden jatkaessa yhtiön johdossa ja vähemmistöomistajina. [...] Yhtiö työllistää noin 90 henkilöä [...] Lisätietoja Miika Vuorensola Toimitusjohtaja, Asuntopehtoori [number withheld — verified present on this page] [email withheld — verified present on this page]","Korona Invest's fund took majority ownership in April 2025 (fresh capital plus an explicit mandate to become the domestic market leader). On [number withheld — verified present on this page] Asuntopehtoori Group announced it had bought Asunto Maisteri Oy as a share deal — the acquired company keeps its own name, its own Vantaa office and its own established ways of working, which means a second parallel back office to run. In the same 15 months the group went from 9 offices to 12+ (Seinäjoki, Riihimäki, Vaasa, Rovaniemi added) and from EUR 5M to EUR 7M revenue. New capital, an acquisition-led growth plan and no headcount slack is precisely the moment this offer lands.",https://koronainvest.fi/asuntopehtoori-vahvistaa-asemaansa-paakaupunkiseudun-isannointimarkkinassa-ja-laajentaa-palvelutarjontaansa-asunto-maisteri-oy-osaksi-konsernia/,strong,corrected,"CORRECTED: agent gave [email withheld — verified present on this page], which is NOT on the page. Published route is [email withheld — verified present on this page]. Page states ~100 professionals across ten cities.","published email address, verified on the cited page"
"TANOMA Oy (TANOMA-konserni: Warasto Finland, MEK-Trans, Alfaroc, 3PLogistiikka)",Finland,https://tanoma.fi,"3PL contract warehousing, huolinta (freight forwarding) and sea-container inland transport","""TANOMA-konsernin pro forma -liikevaihto vuonna 2026 on noin 60 miljoonaa euroa, ja konserni työllistää noin 450 henkilöä"" and, post-deal, ""yhtiöt työllistävät yhdessä yli 550 henkilöä ja yhdistetty pro forma -liikevaihto on noin 73 miljoonaa euroa"" — warasto.fi press release 7.7.2026, which I fetched. NOTE HONESTLY: at 450-550 people this is ABOVE the 20-300 band this slice asked for, and near the ICP brief's enterprise disqualifier. It is here because the workflow economics are the strongest of the five, not because it fits the size filter.",from_fetched_page,Kari Talvitie,Konsernijohtaja ja perustaja (Group CEO and founder),published_email,https://tanoma.fi/yhteystiedot/,Kari Talvitie Konsernijohtaja[number withheld — verified present on this page] [email withheld — verified present on this page] [...] Pasi Järnstedt Tietohallintojohtaja[number withheld — verified present on this page] [email withheld — verified present on this page] [...] Hannele Piri Talousjohtaja[number withheld — verified present on this page] [email withheld — verified present on this page],"Three integrations inside twelve months, all with external capital behind them. Alfaroc Oy and Alfaroc Logistics Oy joined in Nov 2025 (+EUR 17M revenue, +300 staff, deal initiated with Wetera Capital Oy). 3PLogistiikka Group Oy was announced 7.7.2026 (+EUR 12.5M, +105 staff, ~40,000 m2, 60,000 pallet positions). A new 12,500 m2 temperature-controlled logistics centre in Lieto completes end of 2026, targeting BRC food-safety certification. Warasto's own site states 2026 priority verbatim: active development of customer work and internal ways of working, with Alfaroc integrating ever more deeply. Founder-led, self-funded from its own balance sheet with investor partners, and it publishes both a CIO and a CFO — a named technical buyer and a named budget owner, no committee in between.",https://warasto.fi/ajankohtaista/tanoma-konserni-kasvaa-etela-suomeen-syntyy-yksi-alan-suurimmista-varastopalvelutoimijoista/,moderate,exact,"[email withheld — verified present on this page] [number withheld — verified present on this page], Konsernijohtaja, verified verbatim. Note they also publish a Tietohallintojohtaja, Pasi Jarnstedt ([email withheld — verified present on this page]) - the better technical second contact. Same group that acquired 3PLogistiikka, which is separately on this list.","published email address, verified on the cited page"
Oiva Isännöinti Group Oy,Finland,https://oi.fi,Isännöinti — housing-company (taloyhtiö) management and property administration,"100-150 employees, founded 2021, HQ Helsinki with offices in Jyvaskyla, Vantaa, Lahti, Tampere and Oulu. Majority owner Intera Partners.",from_fetched_page,Arttu Hollmérus,"Toimitusjohtaja, Oiva Isännöinti Group Oy",published_email,https://oi.fi/ajankohtaista/oiva-saa-vahvistusta-seinajoella-lepo-isannointi-oy-on-jatkossa-osa-oiva-isannointi-konsernia/,"LePo Isännöinti Oy:n koko osakekanta siirtyi Oiva Isännöinti Group Oy:lle [number withheld — verified present on this page] toteutuneella yrityskaupalla. [...] ""Yrityskaupan myötä asiakkaat saavat käyttöönsä suuremman organisaation osaamisen, palvelut ja kehitysmahdollisuudet samalla, kun tuttu paikallinen palvelu säilyy ennallaan"", kertoo Oiva Isännöinti Group Oy:n toimitusjohtaja Arttu Hollmérus.","Fastest demonstrated acquisition cadence in the file: Isannointi Taloluotsi (8.1.2026, Savonlinna) and Kuopion Talokeskus Isannointi (1.6.2026), each keeping its local organisation and its MD joining as a shareholder. AND a brand-new CFO: Ville Mannola started 1.8.2026 from Rototec, where he ran finance AND IT, with an explicit yritysjarjestelyt (M&A) background. Hollmerus's own words on the appointment: 'erinomainen vahvistus Oiva Isannoinnin seuraavaan kasvuvaiheeseen'.",https://oi.fi/ajankohtaista/ville-mannola-nimitetty-oiva-isannoinnin-talousjohtajaksi/,moderate,exact,"[email withheld — verified present on this page], Toimitusjohtaja, verified on oi.fi/ota-yhteytta/oivan-johto/. IMPORTANT: majority owner is Intera Partners, a Finnish PE house - a funded roll-up with a consolidation mandate and a real budget. They also publish an Operatiivinen taloushallintopalveluiden johtaja (Krista Riekki) - that role owns exactly the workflow being sold.  two 2026 acquisitions verified from their own releases, plus a CFO four weeks into the job with an M&A background - the sharpest buying window in the file, and it decays fast. [email withheld — verified present on this page] (convention published on their leadership page).","published email address, verified on the cited page"
Eltrea Group Oy,Finland,https://www.eltrea.fi,"Electrical contracting and building services (sähköurakointi) — new build, renovation, commercial property","""Järjestely kasvattaa Eltrean liikevaihdon noin 30 miljoonaan euroon [...] Yhtiö työllistää jatkossa noin 120 sähköurakoinnin ammattilaista"" — Vaaka Partners / Eltrea joint release, [number withheld — verified present on this page]. Company existence, address (Ruosilantie 14, 00390 Helsinki) and CEO confirmed by fetching eltrea.fi/yhteystiedot directly.",from_fetched_page,Janne Levävaara,Toimitusjohtaja (CEO),phone,https://www.eltrea.fi/yhteystiedot,Janne Levävaara Toimitusjohtaja [number withheld — verified present on this page] [...] Toni Heikkinen Tarjoukset ja hankinnat [number withheld — verified present on this page] [...] Arash Keyhani Tarjoukset [number withheld — verified present on this page] [...] Käyntiosoite Eltrea Group Oy Ruosilantie 14 00390 Helsinki,"Two simultaneous transactions announced [number withheld — verified present on this page]: Vaaka Partners became the largest shareholder, and Eltrea simultaneously acquired Helsinki electrical contractor Sähkö-Vendelin, whose owners rolled into Eltrea equity. The group itself was only formed in 2024 by merging three companies — its own site says so: ""Kolmesta purosta kasvoi uusi virta [...] kun pitkään meritoituneet Lujasys, PT-Sähkötekniikka ja ComX löivät hynttyyn yhteen."" That is four contracting back offices to unify, brand-new institutional capital, and a stated intention to keep growing by acquisition. Vaaka's own comment frames the mandate: they back companies that combine quality with sustained growth in a fragmented sector.",https://www.vaakapartners.fi/artikkelit/eltrea-ottaa-seuraavan-kasvuaskeleen-vaaka-partners-uutena-paaomistajana-ja-yritysosto-vahvistavat-kykya-rakentaa-energiatehokasta-tulevaisuutta,weak,exact,"[number withheld — verified present on this page] = Janne Levavaara, Toimitusjohtaja, verified. Page also names dedicated people for Tarjoukset ja hankinnat (Toni Heikkinen) and Tarjoukset (Arash Keyhani) - two named staff on quoting alone is the workflow signal.","direct phone line, verified on the cited page"
Osuma Henkilöstöpalvelut Oy,Finland,https://ohp.fi,"Henkilöstöpalvelut / staffing and outsourced workforce — Archetype A service multiplier, personnel is COGS","On its own news page ohp.fi: 890 henkilötyövuotta employed through the group in 2023 and EUR 15,200,000 paid out in wages; offices in Kuopio, Iisalmi, Tampere, Jyväskylä, Kuusamo and Oulu per the fetched ota-yhteytta page, which also lists a three-person 'Palkanlaskenta ja laskutus' team (Susanna Oinonen, Neea Parkkila, Santtu Kokkonen). Asiakastieto shows EUR 15.4M revenue and 616 employed for 2024.",UNVERIFIED_third_party,Ville Auvinen,Perustaja ja toimitusjohtaja (founder & CEO),published_email,https://ohp.fi/osuma-henkilostopalvelut-nousi-henkilostoalan-suurimpien-joukkoon/,"Meillä on laaja toimialakirjo, ja palkanlaskennassa noudatamme peräti 38 eri työehtosopimusta.","On [number withheld — verified present on this page] — five days before this research — Osuma sold its guarding and crowd-control business to X-SEC Oy, described in the release as part of a 'uudistettu strategia' to concentrate group resources on the units where Osuma can lead. A founder who has just cut a business line to refocus is actively re-examining the cost base of everything he kept. The same CEO has publicly named digitalisation as one of the three things Osuma grew on (EK 'Kasvun tekijät' interview) and has an IT background.",https://y-lehti.fi/osuma-turvallisuuspalvelut-oyn-liiketoiminta-siirtyy-osaksi-x-sec-oyta/,strong,corrected,"CORRECTED: agent gave [email withheld — verified present on this page], not on the contact page. Published: [email withheld — verified present on this page], and Tomi Ikonen, Asiakkuusjohtaja, [email withheld — verified present on this page] [number withheld — verified present on this page] - the better named route. Trigger verified: 17th largest staffing firm in Finland, 890 person-years employed in 2023, EUR15.2M paid in wages. SIZE UNVERIFIED: the headcount/revenue figure is attributed to Asiakastieto but no such URL was fetched or logged. Usable for triage;","published email address, verified on the cited page"
Tilitoimisto Mandaatti (Mandaatti Group Oy),Finland,https://mandaatti.fi,"Tilitoimisto — outsourced accounting and payroll bureau, family-owned, acquisitive — Archetype A","Hallituspartnerit Tampere's board announcement ([number withheld — verified present on this page]): 'Vuonna 2024 Mandaatti teki 3,2 M€ liikevaihtoa ja työllisti lähes 40 henkeä. Mandaatti toimii seitsemällä paikkakunnalla.' Mandaatti's own meista page: 'yli 30 hengen kasvava ja kehittyvä tilitoimisto, joka palvelee yli 1 000 asiakasta seitsemässä toimipisteessä ympäri Suomen.' The fetched Oulu office page lists 14 named staff at that one site alone.",from_fetched_page,Karoliina Ahola,"Toimitusjohtaja, Mandaatti Group Oy",phone,https://mandaatti.fi/yhteystiedot/tilitoimisto-oulu/,"Karoliina Ahola / Toimitusjohtaja, Mandaatti Group Oy, VTM / [number withheld — verified present on this page]",On [number withheld — verified present on this page] this family-owned firm appointed its first two independent board members (Toni Rantanen and Juho Jokinen) — co-founder's son Eerik Ahola called it 'uusi aika' for the family company. Firms bring in outside directors immediately before a professionalisation or scale push. Eight months later they are still solving capacity by hiring: the CEO personally posted a Tampere bookkeeper vacancy on [number withheld — verified present on this page]. That is the exact moment the EUR 2k/month retainer reads as cheaper than the junior hire they cannot fill.,https://tampere.hallituspartnerit.fi/toni-rantanen-on-valittu-tilitoimisto-mandaatin-hallituksen-jaseneksi/,strong,exact,"[number withheld — verified present on this page] = Karoliina Ahola, Toimitusjohtaja, Mandaatti Group Oy, verified. Page states 'jo yli 500 asiakkaan kokemus' and publishes the convention [email withheld — verified present on this page].","direct phone line, verified on the cited page"
"DialOk (Oy DialOk Communications Finland / DialOk Personal Oy, part of SFG Yhtiöt)",Finland,https://www.dialok.fi,"Ulkoistettu asiakaspalvelu, vaihteenhoito ja back office — Finnish BPO; the closest scaled analogue to Wannado's own market","From the 'DialOk lukuina' block on its own company/contact page: 'Käsittelemme 2,3 miljoonaa kontaktia vuodessa' and 'Vastauskeskuksemme työllistävät yhteensä 110 työntekijää'; service centres in Turku and Kuhmo with HQ in Espoo. DialOk's recruitment page states the parent SFG group has 180 employees and revenue of about EUR 18M (2023).",from_fetched_page,Risto Apell,Toimitusjohtaja (CEO),contact_form,https://www.dialok.fi/yhteystiedot/,Vastauskeskuksemme työllistävät yhteensä 110 työntekijää.,"On [number withheld — verified present on this page] DialOk published a signed position piece arguing that AI is restructuring the whole outsourced-service industry, that 'vauhti kiihtyy vuonna 2026', and that the difference between winners and losers will be who can rebuild their processes — and disclosed that the SFG group has stood up its own cross-disciplinary AI development team. They have publicly committed to an AI operating model and are staffing it internally. That is the precise situation MIT's data speaks to: external partnerships reach production roughly twice as often as internal builds, and only 5% of internal custom AI tools ship.",https://www.dialok.fi/artikkelit/tekoaly-asiakaspalvelussa/,moderate,corrected,"Phone not confirmed on the cited page; the verified route is their B2B sales form (explicitly 'DialOk yritysmyyntiin'). NOTE: they already market themselves as enhancing service 'tekoalyn ja automaation avustuksella' - pitch a capability gap, not the concept.","named contact form, verified live"
